metric_date,signups,activated_users,adopted_users,retained_d7_users,activation_rate,adoption_rate,d7_retention_rate
2025-01-01,68,40,30,13,0.5882352941176471,0.4411764705882353,0.19117647058823528
2025-01-02,57,21,14,8,0.3684210526315789,0.24561403508771928,0.14035087719298245
2025-01-03,59,37,33,20,0.6271186440677966,0.559322033898305,0.3389830508474576
2025-01-04,59,39,29,16,0.6610169491525424,0.4915254237288136,0.2711864406779661
2025-01-05,69,46,34,14,0.6666666666666666,0.4927536231884058,0.2028985507246377
2025-01-06,60,33,25,9,0.55,0.4166666666666667,0.15
2025-01-07,66,37,31,8,0.5606060606060606,0.4696969696969697,0.12121212121212122
2025-01-08,70,40,29,16,0.5714285714285714,0.4142857142857143,0.22857142857142856
2025-01-09,63,41,30,14,0.6507936507936508,0.47619047619047616,0.2222222222222222
2025-01-10,62,34,24,8,0.5483870967741935,0.3870967741935484,0.12903225806451613
2025-01-11,68,37,27,9,0.5441176470588235,0.39705882352941174,0.1323529411764706
2025-01-12,62,32,26,9,0.5161290322580645,0.41935483870967744,0.14516129032258066
2025-01-13,83,50,42,16,0.6024096385542169,0.5060240963855421,0.1927710843373494
2025-01-14,57,27,22,10,0.47368421052631576,0.38596491228070173,0.17543859649122806
2025-01-15,56,28,20,7,0.5,0.35714285714285715,0.125
2025-01-16,67,33,29,10,0.4925373134328358,0.43283582089552236,0.14925373134328357
2025-01-17,66,38,27,12,0.5757575757575758,0.4090909090909091,0.18181818181818182
2025-01-18,67,43,33,11,0.6417910447761194,0.4925373134328358,0.16417910447761194
2025-01-19,73,42,35,11,0.5753424657534246,0.4794520547945205,0.1506849315068493
2025-01-20,70,41,30,18,0.5857142857142857,0.42857142857142855,0.2571428571428571
2025-01-21,65,44,40,14,0.676923076923077,0.6153846153846154,0.2153846153846154
2025-01-22,57,28,21,8,0.49122807017543857,0.3684210526315789,0.14035087719298245
2025-01-23,67,35,25,12,0.5223880597014925,0.373134328358209,0.1791044776119403
2025-01-24,85,44,36,14,0.5176470588235295,0.4235294117647059,0.16470588235294117
2025-01-25,64,39,30,17,0.609375,0.46875,0.265625
2025-01-26,73,34,29,11,0.4657534246575342,0.3972602739726027,0.1506849315068493
2025-01-27,59,36,29,12,0.6101694915254238,0.4915254237288136,0.2033898305084746
2025-01-28,82,48,37,11,0.5853658536585366,0.45121951219512196,0.13414634146341464
2025-01-29,67,41,27,15,0.6119402985074627,0.40298507462686567,0.22388059701492538
2025-01-30,77,43,29,16,0.5584415584415584,0.37662337662337664,0.2077922077922078
2025-01-31,60,32,26,9,0.5333333333333333,0.43333333333333335,0.15
2025-02-01,72,40,28,18,0.5555555555555556,0.3888888888888889,0.25
2025-02-02,68,47,34,20,0.6911764705882353,0.5,0.29411764705882354
2025-02-03,63,43,35,14,0.6825396825396826,0.5555555555555556,0.2222222222222222
2025-02-04,70,37,28,16,0.5285714285714286,0.4,0.22857142857142856
2025-02-05,65,38,27,7,0.5846153846153846,0.4153846153846154,0.1076923076923077
2025-02-06,76,45,32,9,0.5921052631578947,0.42105263157894735,0.11842105263157894
2025-02-07,54,27,25,7,0.5,0.46296296296296297,0.12962962962962962
2025-02-08,59,34,25,7,0.576271186440678,0.423728813559322,0.11864406779661017
2025-02-09,61,40,31,13,0.6557377049180327,0.5081967213114754,0.21311475409836064
2025-02-10,67,35,26,8,0.5223880597014925,0.3880597014925373,0.11940298507462686
2025-02-11,56,34,25,8,0.6071428571428571,0.44642857142857145,0.14285714285714285
2025-02-12,70,37,27,14,0.5285714285714286,0.38571428571428573,0.2
2025-02-13,76,47,38,21,0.618421052631579,0.5,0.27631578947368424
2025-02-14,80,51,42,17,0.6375,0.525,0.2125
2025-02-15,65,44,36,10,0.676923076923077,0.5538461538461539,0.15384615384615385
2025-02-16,71,40,28,13,0.5633802816901409,0.39436619718309857,0.18309859154929578
2025-02-17,60,39,33,7,0.65,0.55,0.11666666666666667
2025-02-18,48,27,20,11,0.5625,0.4166666666666667,0.22916666666666666
2025-02-19,74,41,31,11,0.5540540540540541,0.4189189189189189,0.14864864864864866
2025-02-20,70,33,20,10,0.4714285714285714,0.2857142857142857,0.14285714285714285
2025-02-21,76,34,25,9,0.4473684210526316,0.32894736842105265,0.11842105263157894
2025-02-22,73,46,38,18,0.6301369863013698,0.5205479452054794,0.2465753424657534
2025-02-23,72,43,32,9,0.5972222222222222,0.4444444444444444,0.125
2025-02-24,81,46,30,17,0.5679012345679012,0.37037037037037035,0.20987654320987653
2025-02-25,62,38,31,12,0.6129032258064516,0.5,0.1935483870967742
2025-02-26,71,41,32,6,0.5774647887323944,0.4507042253521127,0.08450704225352113
2025-02-27,66,37,32,9,0.5606060606060606,0.48484848484848486,0.13636363636363635
2025-02-28,79,46,35,14,0.5822784810126582,0.4430379746835443,0.17721518987341772
2025-03-01,78,47,38,12,0.6025641025641025,0.48717948717948717,0.15384615384615385
2025-03-02,66,43,30,16,0.6515151515151515,0.45454545454545453,0.24242424242424243
2025-03-03,73,42,31,8,0.5753424657534246,0.4246575342465753,0.1095890410958904
2025-03-04,80,51,44,18,0.6375,0.55,0.225
2025-03-05,58,32,21,11,0.5517241379310345,0.3620689655172414,0.1896551724137931
2025-03-06,48,26,23,9,0.5416666666666666,0.4791666666666667,0.1875
2025-03-07,55,27,19,7,0.4909090909090909,0.34545454545454546,0.12727272727272726
2025-03-08,65,36,24,10,0.5538461538461539,0.36923076923076925,0.15384615384615385
2025-03-09,61,35,27,20,0.5737704918032787,0.4426229508196721,0.32786885245901637
2025-03-10,60,36,29,11,0.6,0.48333333333333334,0.18333333333333332
2025-03-11,51,30,23,9,0.5882352941176471,0.45098039215686275,0.17647058823529413
2025-03-12,59,33,27,12,0.559322033898305,0.4576271186440678,0.2033898305084746
2025-03-13,67,39,28,10,0.582089552238806,0.417910447761194,0.14925373134328357
2025-03-14,64,35,27,8,0.546875,0.421875,0.125
2025-03-15,53,37,29,16,0.6981132075471698,0.5471698113207547,0.3018867924528302
2025-03-16,79,40,32,11,0.5063291139240507,0.4050632911392405,0.13924050632911392
2025-03-17,73,41,26,16,0.5616438356164384,0.3561643835616438,0.2191780821917808
2025-03-18,63,40,31,13,0.6349206349206349,0.49206349206349204,0.20634920634920634
2025-03-19,58,30,27,5,0.5172413793103449,0.46551724137931033,0.08620689655172414
2025-03-20,77,45,33,14,0.5844155844155844,0.42857142857142855,0.18181818181818182
2025-03-21,74,43,38,14,0.581081081081081,0.5135135135135135,0.1891891891891892
2025-03-22,80,39,31,9,0.4875,0.3875,0.1125
2025-03-23,79,47,35,15,0.5949367088607594,0.4430379746835443,0.189873417721519
2025-03-24,63,35,27,10,0.5555555555555556,0.42857142857142855,0.15873015873015872
2025-03-25,62,31,23,6,0.5,0.3709677419354839,0.0967741935483871
2025-03-26,72,35,28,12,0.4861111111111111,0.3888888888888889,0.16666666666666666
2025-03-27,77,37,28,9,0.4805194805194805,0.36363636363636365,0.11688311688311688
2025-03-28,77,35,26,15,0.45454545454545453,0.33766233766233766,0.19480519480519481
2025-03-29,49,25,21,10,0.5102040816326531,0.42857142857142855,0.20408163265306123
2025-03-30,59,32,28,12,0.5423728813559322,0.4745762711864407,0.2033898305084746
2025-03-31,61,29,18,8,0.47540983606557374,0.29508196721311475,0.13114754098360656
2025-04-01,64,38,32,20,0.59375,0.5,0.3125
2025-04-02,84,42,32,18,0.5,0.38095238095238093,0.21428571428571427
2025-04-03,59,31,26,12,0.5254237288135594,0.4406779661016949,0.2033898305084746
2025-04-04,73,37,26,15,0.5068493150684932,0.3561643835616438,0.2054794520547945
2025-04-05,73,40,34,12,0.547945205479452,0.4657534246575342,0.1643835616438356
2025-04-06,77,46,34,17,0.5974025974025974,0.44155844155844154,0.22077922077922077
2025-04-07,71,38,30,14,0.5352112676056338,0.4225352112676056,0.19718309859154928
2025-04-08,72,42,32,6,0.5833333333333334,0.4444444444444444,0.08333333333333333
2025-04-09,65,39,31,14,0.6,0.47692307692307695,0.2153846153846154
2025-04-10,69,37,23,10,0.5362318840579711,0.3333333333333333,0.14492753623188406
2025-04-11,81,44,30,15,0.5432098765432098,0.37037037037037035,0.18518518518518517
2025-04-12,63,35,32,10,0.5555555555555556,0.5079365079365079,0.15873015873015872
2025-04-13,69,43,36,17,0.6231884057971014,0.5217391304347826,0.2463768115942029
2025-04-14,57,28,19,11,0.49122807017543857,0.3333333333333333,0.19298245614035087
2025-04-15,55,35,28,18,0.6363636363636364,0.509090909090909,0.32727272727272727
2025-04-16,62,37,27,18,0.5967741935483871,0.43548387096774194,0.2903225806451613
2025-04-17,72,44,34,12,0.6111111111111112,0.4722222222222222,0.16666666666666666
2025-04-18,64,35,27,8,0.546875,0.421875,0.125
2025-04-19,60,35,28,10,0.5833333333333334,0.4666666666666667,0.16666666666666666
2025-04-20,68,40,31,9,0.5882352941176471,0.45588235294117646,0.1323529411764706
2025-04-21,71,41,37,15,0.5774647887323944,0.5211267605633803,0.2112676056338028
2025-04-22,79,37,22,12,0.46835443037974683,0.27848101265822783,0.1518987341772152
2025-04-23,63,32,26,11,0.5079365079365079,0.4126984126984127,0.1746031746031746
2025-04-24,63,30,21,11,0.47619047619047616,0.3333333333333333,0.1746031746031746
2025-04-25,60,32,21,10,0.5333333333333333,0.35,0.16666666666666666
2025-04-26,63,31,26,8,0.49206349206349204,0.4126984126984127,0.12698412698412698
2025-04-27,65,46,37,11,0.7076923076923077,0.5692307692307692,0.16923076923076924
2025-04-28,68,45,36,18,0.6617647058823529,0.5294117647058824,0.2647058823529412
2025-04-29,77,45,28,6,0.5844155844155844,0.36363636363636365,0.07792207792207792
2025-04-30,69,41,34,12,0.5942028985507246,0.4927536231884058,0.17391304347826086
2025-05-01,59,33,23,8,0.559322033898305,0.3898305084745763,0.13559322033898305
2025-05-02,58,35,27,12,0.603448275862069,0.46551724137931033,0.20689655172413793
2025-05-03,73,42,34,12,0.5753424657534246,0.4657534246575342,0.1643835616438356
2025-05-04,68,37,31,9,0.5441176470588235,0.45588235294117646,0.1323529411764706
2025-05-05,59,38,30,13,0.6440677966101694,0.5084745762711864,0.22033898305084745
2025-05-06,54,34,31,8,0.6296296296296297,0.5740740740740741,0.14814814814814814
2025-05-07,58,40,34,13,0.6896551724137931,0.5862068965517241,0.22413793103448276
2025-05-08,57,34,27,9,0.5964912280701754,0.47368421052631576,0.15789473684210525
2025-05-09,68,32,26,12,0.47058823529411764,0.38235294117647056,0.17647058823529413
2025-05-10,69,36,30,18,0.5217391304347826,0.43478260869565216,0.2608695652173913
2025-05-11,60,36,24,14,0.6,0.4,0.23333333333333334
2025-05-12,60,32,21,14,0.5333333333333333,0.35,0.23333333333333334
2025-05-13,72,36,26,15,0.5,0.3611111111111111,0.20833333333333334
2025-05-14,66,41,30,9,0.6212121212121212,0.45454545454545453,0.13636363636363635
2025-05-15,68,42,35,17,0.6176470588235294,0.5147058823529411,0.25
2025-05-16,83,56,38,14,0.6746987951807228,0.4578313253012048,0.1686746987951807
2025-05-17,72,41,35,14,0.5694444444444444,0.4861111111111111,0.19444444444444445
2025-05-18,74,46,33,11,0.6216216216216216,0.44594594594594594,0.14864864864864866
2025-05-19,73,41,32,14,0.5616438356164384,0.4383561643835616,0.1917808219178082
2025-05-20,69,37,27,11,0.5362318840579711,0.391304347826087,0.15942028985507245
2025-05-21,62,35,31,12,0.5645161290322581,0.5,0.1935483870967742
2025-05-22,63,41,36,13,0.6507936507936508,0.5714285714285714,0.20634920634920634
2025-05-23,58,29,24,9,0.5,0.41379310344827586,0.15517241379310345
2025-05-24,60,34,26,7,0.5666666666666667,0.43333333333333335,0.11666666666666667
2025-05-25,84,48,37,15,0.5714285714285714,0.44047619047619047,0.17857142857142858
2025-05-26,59,26,22,6,0.4406779661016949,0.3728813559322034,0.1016949152542373
2025-05-27,60,36,30,11,0.6,0.5,0.18333333333333332
2025-05-28,64,38,29,11,0.59375,0.453125,0.171875
2025-05-29,67,44,33,13,0.6567164179104478,0.4925373134328358,0.19402985074626866
2025-05-30,66,38,32,11,0.5757575757575758,0.48484848484848486,0.16666666666666666
2025-05-31,59,34,27,8,0.576271186440678,0.4576271186440678,0.13559322033898305
2025-06-01,63,42,35,13,0.6666666666666666,0.5555555555555556,0.20634920634920634
2025-06-02,67,39,24,12,0.582089552238806,0.3582089552238806,0.1791044776119403
2025-06-03,76,45,38,14,0.5921052631578947,0.5,0.18421052631578946
2025-06-04,67,45,38,17,0.6716417910447762,0.5671641791044776,0.2537313432835821
2025-06-05,71,47,35,17,0.6619718309859155,0.49295774647887325,0.23943661971830985
2025-06-06,63,33,25,12,0.5238095238095238,0.3968253968253968,0.19047619047619047
2025-06-07,61,38,34,10,0.6229508196721312,0.5573770491803278,0.16393442622950818
2025-06-08,63,39,31,16,0.6190476190476191,0.49206349206349204,0.25396825396825395
2025-06-09,76,46,41,15,0.6052631578947368,0.5394736842105263,0.19736842105263158
2025-06-10,63,35,29,14,0.5555555555555556,0.4603174603174603,0.2222222222222222
2025-06-11,53,37,30,7,0.6981132075471698,0.5660377358490566,0.1320754716981132
2025-06-12,48,25,24,5,0.5208333333333334,0.5,0.10416666666666667
2025-06-13,52,26,19,4,0.5,0.36538461538461536,0.07692307692307693
2025-06-14,56,40,32,13,0.7142857142857143,0.5714285714285714,0.23214285714285715
2025-06-15,74,44,32,14,0.5945945945945946,0.43243243243243246,0.1891891891891892
2025-06-16,70,47,35,13,0.6714285714285714,0.5,0.18571428571428572
2025-06-17,72,41,31,14,0.5694444444444444,0.4305555555555556,0.19444444444444445
2025-06-18,76,35,23,14,0.4605263157894737,0.3026315789473684,0.18421052631578946
2025-06-19,75,41,32,15,0.5466666666666666,0.4266666666666667,0.2
2025-06-20,53,27,19,10,0.5094339622641509,0.3584905660377358,0.18867924528301888
2025-06-21,55,29,24,10,0.5272727272727272,0.43636363636363634,0.18181818181818182
2025-06-22,51,22,16,6,0.43137254901960786,0.3137254901960784,0.11764705882352941
2025-06-23,69,33,22,12,0.4782608695652174,0.3188405797101449,0.17391304347826086
2025-06-24,59,40,35,9,0.6779661016949152,0.5932203389830508,0.15254237288135594
2025-06-25,67,35,29,11,0.5223880597014925,0.43283582089552236,0.16417910447761194
2025-06-26,51,30,25,4,0.5882352941176471,0.49019607843137253,0.0784313725490196
2025-06-27,65,38,32,14,0.5846153846153846,0.49230769230769234,0.2153846153846154
2025-06-28,64,37,25,14,0.578125,0.390625,0.21875
2025-06-29,77,48,38,15,0.6233766233766234,0.4935064935064935,0.19480519480519481
2025-06-30,81,46,35,16,0.5679012345679012,0.43209876543209874,0.19753086419753085
