signup_week,users,activation_rate,d1,d7,d30
2024-12-30/2025-01-05,312,0.5865384615384616,0.2532051282051282,0.22756410256410256,0.11217948717948718
2025-01-06/2025-01-12,451,0.5631929046563193,0.2394678492239468,0.16186252771618626,0.12195121951219512
2025-01-13/2025-01-19,469,0.5565031982942431,0.23880597014925373,0.16417910447761194,0.09168443496801706
2025-01-20/2025-01-26,481,0.5509355509355509,0.23700623700623702,0.19542619542619544,0.10187110187110188
2025-01-27/2025-02-02,485,0.5917525773195876,0.27422680412371137,0.20824742268041238,0.08453608247422681
2025-02-03/2025-02-09,448,0.5892857142857143,0.2611607142857143,0.16294642857142858,0.07142857142857142
2025-02-10/2025-02-16,485,0.5938144329896907,0.25773195876288657,0.18762886597938144,0.1402061855670103
2025-02-17/2025-02-23,473,0.5560253699788583,0.22410147991543342,0.15856236786469344,0.11416490486257928
2025-02-24/2025-03-02,503,0.5924453280318092,0.2644135188866799,0.1709741550695825,0.08548707753479125
2025-03-03/2025-03-09,440,0.5659090909090909,0.275,0.18863636363636363,0.09090909090909091
2025-03-10/2025-03-16,433,0.5773672055427251,0.2678983833718245,0.17782909930715934,0.08775981524249422
2025-03-17/2025-03-23,504,0.5654761904761905,0.2400793650793651,0.17063492063492064,0.09523809523809523
2025-03-24/2025-03-30,459,0.5010893246187363,0.22440087145969498,0.16122004357298475,0.0784313725490196
2025-03-31/2025-04-06,491,0.5356415478615071,0.23217922606924643,0.20773930753564154,0.09979633401221996
2025-04-07/2025-04-13,490,0.5673469387755102,0.25510204081632654,0.17551020408163265,0.10408163265306122
2025-04-14/2025-04-20,438,0.5799086757990868,0.2602739726027397,0.1963470319634703,0.12100456621004566
2025-04-21/2025-04-27,464,0.5366379310344828,0.2607758620689655,0.16810344827586207,0.08620689655172414
2025-04-28/2025-05-04,472,0.5889830508474576,0.2648305084745763,0.163135593220339,0.1038135593220339
2025-05-05/2025-05-11,425,0.5882352941176471,0.25176470588235295,0.20470588235294118,0.11058823529411765
2025-05-12/2025-05-18,495,0.593939393939394,0.2909090909090909,0.1898989898989899,0.13535353535353536
2025-05-19/2025-05-25,469,0.5650319829424307,0.2515991471215352,0.17270788912579957,0.09168443496801706
2025-05-26/2025-06-01,438,0.589041095890411,0.271689497716895,0.16666666666666666,0.1095890410958904
2025-06-02/2025-06-08,468,0.6111111111111112,0.28846153846153844,0.2094017094017094,0.11324786324786325
2025-06-09/2025-06-15,422,0.5995260663507109,0.25829383886255924,0.17061611374407584,0.11374407582938388
2025-06-16/2025-06-22,452,0.5353982300884956,0.23893805309734514,0.18141592920353983,0.09513274336283185
2025-06-23/2025-06-29,452,0.577433628318584,0.26548672566371684,0.1747787610619469,0.10619469026548672
2025-06-30/2025-07-06,81,0.5679012345679012,0.20987654320987653,0.19753086419753085,0.08641975308641975
